source_record,InvoiceNo,StockCode,Quantity,InvoiceDate,UnitPrice
1,536365,85123A,6,12/1/2010 8:26,2.55
2,536365,71053,6,12/1/2010 8:26,3.39
3,536365,84406B,8,12/1/2010 8:26,2.75
4,536365,84029G,6,12/1/2010 8:26,3.39
5,536365,84029E,6,12/1/2010 8:26,3.39
6,536365,22752,2,12/1/2010 8:26,7.65
7,536365,21730,6,12/1/2010 8:26,4.25
8,536366,22633,6,12/1/2010 8:28,1.85
9,536366,22632,6,12/1/2010 8:28,1.85
10,536367,84879,32,12/1/2010 8:34,1.69
11,536367,22745,6,12/1/2010 8:34,2.1
12,536367,22748,6,12/1/2010 8:34,2.1
13,536367,22749,8,12/1/2010 8:34,3.75
14,536367,22310,6,12/1/2010 8:34,1.65
15,536367,84969,6,12/1/2010 8:34,4.25
16,536367,22623,3,12/1/2010 8:34,4.95
17,536367,22622,2,12/1/2010 8:34,9.95
18,536367,21754,3,12/1/2010 8:34,5.95
19,536367,21755,3,12/1/2010 8:34,5.95
20,536367,21777,4,12/1/2010 8:34,7.95
3109,536598,21421,12,12/2/2010 7:48,1.25
3110,536598,21422,16,12/2/2010 7:48,0.85
3111,536598,22178,24,12/2/2010 7:48,1.25
3112,536598,22617,24,12/2/2010 7:48,4.25
3113,536599,22968,8,12/2/2010 7:49,8.5
3114,536599,22727,4,12/2/2010 7:49,3.75
3115,536599,22726,12,12/2/2010 7:49,3.75
3116,536599,84945,36,12/2/2010 7:49,0.85
3117,536599,20749,12,12/2/2010 7:49,6.35
3118,536599,21056,8,12/2/2010 7:49,8.95
3119,536600,85123A,6,12/2/2010 8:32,2.55
3120,536600,71053,6,12/2/2010 8:32,3.39
3121,536600,82483,4,12/2/2010 8:32,4.95
3122,536600,82486,2,12/2/2010 8:32,6.95
3123,536600,82482,6,12/2/2010 8:32,2.1
3124,536600,82494L,6,12/2/2010 8:32,2.55
3125,536600,22411,6,12/2/2010 8:32,1.65
3126,536600,84029G,6,12/2/2010 8:32,3.39
3127,536600,84029E,6,12/2/2010 8:32,3.39
3128,536600,22752,2,12/2/2010 8:32,7.65
5218,536847,22155,48,12/3/2010 9:31,0.42
5219,536847,21807,36,12/3/2010 9:31,0.42
5220,536847,22161,24,12/3/2010 9:31,0.65
5221,536847,22065,24,12/3/2010 9:31,1.45
5222,536847,20956,12,12/3/2010 9:31,1.25
5223,536847,84347,6,12/3/2010 9:31,2.55
5224,536847,21231,24,12/3/2010 9:31,1.25
5225,536847,21232,24,12/3/2010 9:31,1.25
5226,536847,22067,24,12/3/2010 9:31,1.65
5227,536848,22910,80,12/3/2010 9:39,2.55
5228,536848,21930,100,12/3/2010 9:39,1.65
5229,536848,21928,100,12/3/2010 9:39,1.65
5230,536849,22730,19,12/3/2010 9:45,3.75
5231,536849,22727,48,12/3/2010 9:45,3.75
5232,536849,22728,39,12/3/2010 9:45,3.75
5238,536851,20682,24,12/3/2010 9:49,3.25
5239,536851,22111,36,12/3/2010 9:49,4.95
5240,536851,21485,6,12/3/2010 9:49,4.95
5241,536851,22128,60,12/3/2010 9:49,1.25
5242,536851,20749,12,12/3/2010 9:49,7.95
5305,536857,85123A,2,12/3/2010 10:33,2.95
5337,536859,85123A,2,12/3/2010 10:43,2.95
7420,537037,22114,8,12/5/2010 10:03,3.95
7421,537037,21485,6,12/5/2010 10:03,4.95
7422,537037,22835,3,12/5/2010 10:03,4.65
7423,537037,84029E,6,12/5/2010 10:03,3.75
7424,537037,84029G,6,12/5/2010 10:03,3.75
7425,537037,22158,8,12/5/2010 10:03,2.95
7426,537037,22633,24,12/5/2010 10:03,2.1
7427,537037,22988,12,12/5/2010 10:03,1.25
7428,537037,82494L,6,12/5/2010 10:03,2.95
7429,537037,72800E,11,12/5/2010 10:03,2.55
7430,537037,21034,2,12/5/2010 10:03,0.95
7431,537038,21523,10,12/5/2010 10:12,6.75
7432,537038,21524,3,12/5/2010 10:12,7.95
7433,537038,22086,80,12/5/2010 10:12,2.55
7434,537038,21754,3,12/5/2010 10:12,5.95
7435,537038,21755,3,12/5/2010 10:12,5.95
7436,537038,22083,10,12/5/2010 10:12,2.95
7437,537038,22423,16,12/5/2010 10:12,10.95
7441,537040,22423,48,12/5/2010 10:27,10.95
7442,537040,84949,144,12/5/2010 10:27,1.45
7537,537044,85123A,6,12/5/2010 10:52,2.95
7584,537046,85123A,1,12/5/2010 10:58,2.95
